{
  "test": "chemberta2_admet_probe",
  "timestamp": "2026-06-12T21:35:06.377807",
  "model": "DeepChem/ChemBERTa-77M-MLM",
  "approach": "ChemBERTa-2 mean-pool embeddings + balanced logreg probe per TDC task",
  "in_distribution": {
    "BBB_Martins": {
      "auroc": 0.8730013778076837,
      "TPR": 0.8877887788778878,
      "TNR": 0.7184466019417476,
      "bal_acc": 0.8031176904098176,
      "n": 406,
      "pos": 303
    },
    "hERG_Karim": {
      "auroc": 0.8011324472610719,
      "TPR": 0.7163067758749069,
      "TNR": 0.736255572065379,
      "bal_acc": 0.7262811739701429,
      "n": 2689,
      "pos": 1343
    },
    "DILI": {
      "auroc": 0.8807624113475178,
      "TPR": 0.8125,
      "TNR": 0.8085106382978723,
      "bal_acc": 0.8105053191489362,
      "n": 95,
      "pos": 48
    },
    "ClinTox": {
      "auroc": 0.8046109068627451,
      "TPR": 0.7083333333333334,
      "TNR": 0.8419117647058824,
      "bal_acc": 0.7751225490196079,
      "n": 296,
      "pos": 24
    }
  },
  "external_30drug": {
    "DILI": {
      "auroc": 0.7733333333333333,
      "TPR": 0.7333333333333333,
      "TNR": 0.7333333333333333,
      "bal_acc": 0.7333333333333333,
      "n": 30,
      "pos": 15
    },
    "ClinTox": {
      "auroc": 0.4444444444444444,
      "TPR": 0.13333333333333333,
      "TNR": 0.6666666666666666,
      "bal_acc": 0.39999999999999997,
      "n": 30,
      "pos": 15
    }
  },
  "baselines": {
    "BBB_Martins_MolFormer": 0.889,
    "DILI_ADMET_AI_TPR": 0.83,
    "hERG_rule_balacc": 0.65,
    "ClinTox_MAMMAL_TPR": 0.08,
    "ClinTox_MolFormer_external_auroc": 0.244
  }
}