{
  "timestamp": "20260607_125050",
  "accession": "P42345",
  "checkpoint": "dti_bindingdb_pkd_peer",
  "norm_constants": [
    6.286291085593906,
    1.5422950906208512
  ],
  "device": "mps",
  "n_binders": 12,
  "n_matched_decoys": 36,
  "results": {
    "full_truncated_1250": {
      "window": [
        null,
        null
      ],
      "window_len": 2549,
      "note": "full (2549 aa, head truncates to 1250)",
      "auroc_matched": 0.558,
      "separation_pkd": 0.095,
      "mean_binder_pkd": 6.287,
      "mean_decoy_pkd": 6.192,
      "binder_preds": [
        6.848,
        7.32,
        5.673,
        5.877,
        5.957,
        6.513,
        6.058,
        7.011,
        5.936,
        6.243,
        5.993,
        6.015
      ],
      "decoy_preds": [
        6.198,
        6.393,
        5.935,
        5.79,
        5.72,
        6.095,
        5.648,
        6.214,
        5.797,
        7.009,
        5.667,
        5.821,
        6.304,
        6.296,
        6.016,
        6.622,
        6.386,
        6.204,
        5.991,
        6.496,
        6.483,
        5.753,
        5.742,
        5.875,
        6.062,
        5.932,
        5.53,
        7.001,
        6.893,
        7.173,
        5.905,
        6.205,
        5.528,
        6.745,
        7.175,
        6.307
      ]
    },
    "frb_kinase_1975_2549": {
      "window": [
        1974,
        2549
      ],
      "window_len": 575,
      "note": "aa 1975-2549 (575 aa, fully visible)",
      "auroc_matched": 0.535,
      "separation_pkd": 0.194,
      "mean_binder_pkd": 6.596,
      "mean_decoy_pkd": 6.402,
      "binder_preds": [
        7.067,
        7.473,
        6.037,
        6.185,
        5.981,
        6.431,
        6.056,
        8.156,
        6.278,
        7.078,
        5.891,
        6.523
      ],
      "decoy_preds": [
        6.072,
        6.698,
        6.207,
        5.951,
        6.163,
        6.048,
        5.933,
        6.277,
        5.856,
        7.168,
        6.253,
        6.226,
        7.091,
        6.932,
        6.101,
        6.771,
        6.887,
        6.247,
        6.105,
        6.571,
        6.622,
        6.145,
        6.246,
        5.996,
        6.19,
        6.389,
        6.182,
        6.539,
        6.502,
        7.2,
        6.157,
        6.439,
        5.905,
        6.338,
        7.36,
        6.704
      ]
    },
    "kinase_2099_2549": {
      "window": [
        2098,
        2549
      ],
      "window_len": 451,
      "note": "aa 2099-2549 (451 aa, fully visible)",
      "auroc_matched": 0.502,
      "separation_pkd": 0.128,
      "mean_binder_pkd": 6.433,
      "mean_decoy_pkd": 6.305,
      "binder_preds": [
        6.872,
        7.471,
        5.884,
        5.97,
        5.807,
        6.219,
        5.97,
        8.133,
        6.117,
        6.84,
        5.724,
        6.188
      ],
      "decoy_preds": [
        5.964,
        6.549,
        6.04,
        5.698,
        6.071,
        6.329,
        5.72,
        6.133,
        5.655,
        7.191,
        6.109,
        6.152,
        7.128,
        6.686,
        6.005,
        6.632,
        6.743,
        6.196,
        5.954,
        6.41,
        6.432,
        5.896,
        6.197,
        5.797,
        6.187,
        6.267,
        6.071,
        6.566,
        6.73,
        7.083,
        6.107,
        6.423,
        5.7,
        6.202,
        7.38,
        6.591
      ]
    }
  }
}